degree,mse_cv
2,0.0006810450799818722
3,0.0002564425808269888
4,0.0001515163623521123
5,0.0001317201253476145
6,0.00012016130392781418
7,0.000114521728559324
8,0.0001140682869147684
9,0.00011539864084122238
10,0.00011402881916906982
11,0.0001118062102430174
12,0.00011016717429926194
13,0.00010926547456757865
14,0.00010924853682300389
15,0.00010980351535668893
